{ "columns":17,
 "image":"Room_Builder_free_32x32.png",
 "imageheight":736,
 "imagewidth":544,
 "margin":0,
 "name":"Room_Builder_free_32x32",
 "spacing":0,
 "tilecount":391,
 "tiledversion":"1.7.2",
 "tileheight":32,
 "tiles":[
        {
         "id":5,
         "objectgroup":
            {
             "draworder":"index",
             "name":"",
             "objects":[
                    {
                     "height":32,
                     "id":1,
                     "name":"",
                     "rotation":0,
                     "type":"",
                     "visible":true,
                     "width":14,
                     "x":18,
                     "y":0
                    }],
             "opacity":1,
             "type":"objectgroup",
             "visible":true,
             "x":0,
             "y":0
            }
        }, 
        {
         "id":6,
         "objectgroup":
            {
             "draworder":"index",
             "name":"",
             "objects":[
                    {
                     "height":32,
                     "id":1,
                     "name":"",
                     "rotation":0,
                     "type":"",
                     "visible":true,
                     "width":14,
                     "x":0,
                     "y":0
                    }],
             "opacity":1,
             "type":"objectgroup",
             "visible":true,
             "x":0,
             "y":0
            }
        }, 
        {
         "id":14,
         "type":"above"
        }, 
        {
         "id":15,
         "type":"above"
        }, 
        {
         "id":16,
         "type":"above"
        }, 
        {
         "id":22,
         "objectgroup":
            {
             "draworder":"index",
             "name":"",
             "objects":[
                    {
                     "height":12,
                     "id":1,
                     "name":"",
                     "rotation":0,
                     "type":"",
                     "visible":true,
                     "width":32,
                     "x":0,
                     "y":0
                    }],
             "opacity":1,
             "type":"objectgroup",
             "visible":true,
             "x":0,
             "y":0
            }
        }, 
        {
         "id":23,
         "objectgroup":
            {
             "draworder":"index",
             "name":"",
             "objects":[
                    {
                     "height":12,
                     "id":1,
                     "name":"",
                     "rotation":0,
                     "type":"",
                     "visible":true,
                     "width":32,
                     "x":0,
                     "y":0
                    }],
             "opacity":1,
             "type":"objectgroup",
             "visible":true,
             "x":0,
             "y":0
            }
        }, 
        {
         "id":24,
         "objectgroup":
            {
             "draworder":"index",
             "name":"",
             "objects":[
                    {
                     "height":12,
                     "id":1,
                     "name":"",
                     "rotation":0,
                     "type":"",
                     "visible":true,
                     "width":32,
                     "x":0,
                     "y":0
                    }],
             "opacity":1,
             "type":"objectgroup",
             "visible":true,
             "x":0,
             "y":0
            }
        }, 
        {
         "id":25,
         "objectgroup":
            {
             "draworder":"index",
             "name":"",
             "objects":[
                    {
                     "height":12,
                     "id":1,
                     "name":"",
                     "rotation":0,
                     "type":"",
                     "visible":true,
                     "width":32,
                     "x":0,
                     "y":0
                    }],
             "opacity":1,
             "type":"objectgroup",
             "visible":true,
             "x":0,
             "y":0
            }
        }, 
        {
         "id":26,
         "objectgroup":
            {
             "draworder":"index",
             "name":"",
             "objects":[
                    {
                     "height":32,
                     "id":1,
                     "name":"",
                     "rotation":0,
                     "type":"",
                     "visible":true,
                     "width":32,
                     "x":0,
                     "y":0
                    }],
             "opacity":1,
             "type":"objectgroup",
             "visible":true,
             "x":0,
             "y":0
            }
        }, 
        {
         "id":27,
         "objectgroup":
            {
             "draworder":"index",
             "name":"",
             "objects":[
                    {
                     "height":32,
                     "id":1,
                     "name":"",
                     "rotation":0,
                     "type":"",
                     "visible":true,
                     "width":32,
                     "x":0,
                     "y":0
                    }],
             "opacity":1,
             "type":"objectgroup",
             "visible":true,
             "x":0,
             "y":0
            }
        }, 
        {
         "id":28,
         "objectgroup":
            {
             "draworder":"index",
             "name":"",
             "objects":[
                    {
                     "height":32,
                     "id":1,
                     "name":"",
                     "rotation":0,
                     "type":"",
                     "visible":true,
                     "width":14,
                     "x":18,
                     "y":0
                    }],
             "opacity":1,
             "type":"objectgroup",
             "visible":true,
             "x":0,
             "y":0
            }
        }, 
        {
         "id":30,
         "objectgroup":
            {
             "draworder":"index",
             "name":"",
             "objects":[
                    {
                     "height":32,
                     "id":1,
                     "name":"",
                     "rotation":0,
                     "type":"",
                     "visible":true,
                     "width":14,
                     "x":0,
                     "y":0
                    }],
             "opacity":1,
             "type":"objectgroup",
             "visible":true,
             "x":0,
             "y":0
            }
        }, 
        {
         "id":32,
         "objectgroup":
            {
             "draworder":"index",
             "name":"",
             "objects":[
                    {
                     "height":12,
                     "id":2,
                     "name":"",
                     "rotation":0,
                     "type":"",
                     "visible":true,
                     "width":32,
                     "x":0,
                     "y":20
                    }],
             "opacity":1,
             "type":"objectgroup",
             "visible":true,
             "x":0,
             "y":0
            },
         "type":"above"
        }, 
        {
         "id":33,
         "type":"above"
        }, 
        {
         "id":39,
         "objectgroup":
            {
             "draworder":"index",
             "name":"",
             "objects":[
                    {
                     "height":32,
                     "id":1,
                     "name":"",
                     "rotation":0,
                     "type":"",
                     "visible":true,
                     "width":32,
                     "x":0,
                     "y":0
                    }],
             "opacity":1,
             "type":"objectgroup",
             "visible":true,
             "x":0,
             "y":0
            }
        }, 
        {
         "id":40,
         "objectgroup":
            {
             "draworder":"index",
             "name":"",
             "objects":[
                    {
                     "height":32,
                     "id":1,
                     "name":"",
                     "rotation":0,
                     "type":"",
                     "visible":true,
                     "width":32,
                     "x":0,
                     "y":0
                    }],
             "opacity":1,
             "type":"objectgroup",
             "visible":true,
             "x":0,
             "y":0
            }
        }, 
        {
         "id":41,
         "objectgroup":
            {
             "draworder":"index",
             "name":"",
             "objects":[
                    {
                     "height":32,
                     "id":1,
                     "name":"",
                     "rotation":0,
                     "type":"",
                     "visible":true,
                     "width":32,
                     "x":0,
                     "y":0
                    }],
             "opacity":1,
             "type":"objectgroup",
             "visible":true,
             "x":0,
             "y":0
            }
        }, 
        {
         "id":42,
         "objectgroup":
            {
             "draworder":"index",
             "name":"",
             "objects":[
                    {
                     "height":32,
                     "id":1,
                     "name":"",
                     "rotation":0,
                     "type":"",
                     "visible":true,
                     "width":32,
                     "x":0,
                     "y":0
                    }],
             "opacity":1,
             "type":"objectgroup",
             "visible":true,
             "x":0,
             "y":0
            }
        }, 
        {
         "id":43,
         "objectgroup":
            {
             "draworder":"index",
             "name":"",
             "objects":[
                    {
                     "height":32,
                     "id":1,
                     "name":"",
                     "rotation":0,
                     "type":"",
                     "visible":true,
                     "width":32,
                     "x":0,
                     "y":0
                    }],
             "opacity":1,
             "type":"objectgroup",
             "visible":true,
             "x":0,
             "y":0
            },
         "type":"above"
        }, 
        {
         "id":45,
         "objectgroup":
            {
             "draworder":"index",
             "name":"",
             "objects":[
                    {
                     "height":32,
                     "id":1,
                     "name":"",
                     "rotation":0,
                     "type":"",
                     "visible":true,
                     "width":14,
                     "x":18,
                     "y":0
                    }],
             "opacity":1,
             "type":"objectgroup",
             "visible":true,
             "x":0,
             "y":0
            }
        }, 
        {
         "id":47,
         "objectgroup":
            {
             "draworder":"index",
             "name":"",
             "objects":[
                    {
                     "height":32,
                     "id":1,
                     "name":"",
                     "rotation":0,
                     "type":"",
                     "visible":true,
                     "width":14,
                     "x":0,
                     "y":0
                    }],
             "opacity":1,
             "type":"objectgroup",
             "visible":true,
             "x":0,
             "y":0
            }
        }, 
        {
         "id":48,
         "type":"above"
        }, 
        {
         "id":49,
         "type":"above"
        }, 
        {
         "id":50,
         "type":"above"
        }, 
        {
         "id":58,
         "objectgroup":
            {
             "draworder":"index",
             "name":"",
             "objects":[
                    {
                     "height":32,
                     "id":1,
                     "name":"",
                     "rotation":0,
                     "type":"",
                     "visible":true,
                     "width":32,
                     "x":0,
                     "y":0
                    }],
             "opacity":1,
             "type":"objectgroup",
             "visible":true,
             "x":0,
             "y":0
            }
        }, 
        {
         "id":59,
         "objectgroup":
            {
             "draworder":"index",
             "name":"",
             "objects":[
                    {
                     "height":32,
                     "id":1,
                     "name":"",
                     "rotation":0,
                     "type":"",
                     "visible":true,
                     "width":32,
                     "x":0,
                     "y":0
                    }],
             "opacity":1,
             "type":"objectgroup",
             "visible":true,
             "x":0,
             "y":0
            }
        }, 
        {
         "id":60,
         "objectgroup":
            {
             "draworder":"index",
             "name":"",
             "objects":[
                    {
                     "height":12,
                     "id":1,
                     "name":"",
                     "rotation":0,
                     "type":"",
                     "visible":true,
                     "width":32,
                     "x":0,
                     "y":0
                    }],
             "opacity":1,
             "type":"objectgroup",
             "visible":true,
             "x":0,
             "y":0
            }
        }, 
        {
         "id":62,
         "objectgroup":
            {
             "draworder":"index",
             "name":"",
             "objects":[
                    {
                     "height":12,
                     "id":1,
                     "name":"",
                     "rotation":0,
                     "type":"",
                     "visible":true,
                     "width":14,
                     "x":18,
                     "y":0
                    }],
             "opacity":1,
             "type":"objectgroup",
             "visible":true,
             "x":0,
             "y":0
            }
        }, 
        {
         "id":63,
         "objectgroup":
            {
             "draworder":"index",
             "name":"",
             "objects":[
                    {
                     "height":12,
                     "id":1,
                     "name":"",
                     "rotation":0,
                     "type":"",
                     "visible":true,
                     "width":32,
                     "x":0,
                     "y":0
                    }],
             "opacity":1,
             "type":"objectgroup",
             "visible":true,
             "x":0,
             "y":0
            }
        }, 
        {
         "id":64,
         "objectgroup":
            {
             "draworder":"index",
             "name":"",
             "objects":[
                    {
                     "height":12,
                     "id":1,
                     "name":"",
                     "rotation":0,
                     "type":"",
                     "visible":true,
                     "width":14,
                     "x":0,
                     "y":0
                    }],
             "opacity":1,
             "type":"objectgroup",
             "visible":true,
             "x":0,
             "y":0
            }
        }, 
        {
         "id":65,
         "type":"above"
        }, 
        {
         "id":66,
         "type":"above"
        }, 
        {
         "id":67,
         "type":"above"
        }, 
        {
         "id":85,
         "type":"above"
        }, 
        {
         "id":86,
         "type":"above"
        }, 
        {
         "id":87,
         "type":"above"
        }, 
        {
         "id":88,
         "objectgroup":
            {
             "draworder":"index",
             "name":"",
             "objects":[
                    {
                     "height":16,
                     "id":1,
                     "name":"",
                     "rotation":0,
                     "type":"",
                     "visible":true,
                     "width":32,
                     "x":0,
                     "y":16
                    }],
             "opacity":1,
             "type":"objectgroup",
             "visible":true,
             "x":0,
             "y":0
            },
         "type":"above"
        }, 
        {
         "id":89,
         "type":"above"
        }, 
        {
         "id":90,
         "type":"above"
        }, 
        {
         "id":91,
         "type":"above"
        }, 
        {
         "id":92,
         "objectgroup":
            {
             "draworder":"index",
             "name":"",
             "objects":[
                    {
                     "height":32,
                     "id":1,
                     "name":"",
                     "rotation":0,
                     "type":"",
                     "visible":true,
                     "width":32,
                     "x":0,
                     "y":0
                    }],
             "opacity":1,
             "type":"objectgroup",
             "visible":true,
             "x":0,
             "y":0
            },
         "type":"above"
        }, 
        {
         "id":93,
         "objectgroup":
            {
             "draworder":"index",
             "name":"",
             "objects":[
                    {
                     "height":32,
                     "id":1,
                     "name":"",
                     "rotation":0,
                     "type":"",
                     "visible":true,
                     "width":32,
                     "x":0,
                     "y":0
                    }],
             "opacity":1,
             "type":"objectgroup",
             "visible":true,
             "x":0,
             "y":0
            },
         "type":"above"
        }, 
        {
         "id":94,
         "objectgroup":
            {
             "draworder":"index",
             "name":"",
             "objects":[
                    {
                     "height":32,
                     "id":1,
                     "name":"",
                     "rotation":0,
                     "type":"",
                     "visible":true,
                     "width":32,
                     "x":0,
                     "y":0
                    }],
             "opacity":1,
             "type":"objectgroup",
             "visible":true,
             "x":0,
             "y":0
            },
         "type":"above"
        }, 
        {
         "id":102,
         "objectgroup":
            {
             "draworder":"index",
             "name":"",
             "objects":[
                    {
                     "height":16,
                     "id":1,
                     "name":"",
                     "rotation":0,
                     "type":"",
                     "visible":true,
                     "width":32,
                     "x":0,
                     "y":16
                    }],
             "opacity":1,
             "type":"objectgroup",
             "visible":true,
             "x":0,
             "y":0
            },
         "type":"above"
        }, 
        {
         "id":103,
         "objectgroup":
            {
             "draworder":"index",
             "name":"",
             "objects":[
                    {
                     "height":16,
                     "id":1,
                     "name":"",
                     "rotation":0,
                     "type":"",
                     "visible":true,
                     "width":32,
                     "x":0,
                     "y":16
                    }],
             "opacity":1,
             "type":"objectgroup",
             "visible":true,
             "x":0,
             "y":0
            },
         "type":"above"
        }, 
        {
         "id":104,
         "objectgroup":
            {
             "draworder":"index",
             "name":"",
             "objects":[
                    {
                     "height":16,
                     "id":1,
                     "name":"",
                     "rotation":0,
                     "type":"",
                     "visible":true,
                     "width":32,
                     "x":0,
                     "y":16
                    }],
             "opacity":1,
             "type":"objectgroup",
             "visible":true,
             "x":0,
             "y":0
            },
         "type":"above"
        }, 
        {
         "id":105,
         "objectgroup":
            {
             "draworder":"index",
             "name":"",
             "objects":[
                    {
                     "height":32,
                     "id":1,
                     "name":"",
                     "rotation":0,
                     "type":"",
                     "visible":true,
                     "width":32,
                     "x":0,
                     "y":0
                    }],
             "opacity":1,
             "type":"objectgroup",
             "visible":true,
             "x":0,
             "y":0
            },
         "type":"above"
        }, 
        {
         "id":106,
         "type":"above"
        }, 
        {
         "id":107,
         "type":"above"
        }, 
        {
         "id":108,
         "type":"above"
        }, 
        {
         "id":109,
         "objectgroup":
            {
             "draworder":"index",
             "name":"",
             "objects":[
                    {
                     "height":32,
                     "id":1,
                     "name":"",
                     "rotation":0,
                     "type":"",
                     "visible":true,
                     "width":32,
                     "x":0,
                     "y":0
                    }],
             "opacity":1,
             "type":"objectgroup",
             "visible":true,
             "x":0,
             "y":0
            },
         "type":"above"
        }, 
        {
         "id":110,
         "objectgroup":
            {
             "draworder":"index",
             "name":"",
             "objects":[
                    {
                     "height":32,
                     "id":1,
                     "name":"",
                     "rotation":0,
                     "type":"",
                     "visible":true,
                     "width":32,
                     "x":0,
                     "y":0
                    }],
             "opacity":1,
             "type":"objectgroup",
             "visible":true,
             "x":0,
             "y":0
            },
         "type":"above"
        }, 
        {
         "id":111,
         "objectgroup":
            {
             "draworder":"index",
             "name":"",
             "objects":[
                    {
                     "height":32,
                     "id":1,
                     "name":"",
                     "rotation":0,
                     "type":"",
                     "visible":true,
                     "width":32,
                     "x":0,
                     "y":0
                    }],
             "opacity":1,
             "type":"objectgroup",
             "visible":true,
             "x":0,
             "y":0
            },
         "type":"above"
        }, 
        {
         "id":119,
         "type":"above"
        }, 
        {
         "id":120,
         "type":"above"
        }, 
        {
         "id":121,
         "type":"above"
        }, 
        {
         "id":122,
         "type":"above"
        }, 
        {
         "id":123,
         "type":"above"
        }, 
        {
         "id":124,
         "type":"above"
        }, 
        {
         "id":125,
         "type":"above"
        }, 
        {
         "id":126,
         "type":"above"
        }, 
        {
         "id":127,
         "type":"above"
        }, 
        {
         "id":128,
         "type":"above"
        }, 
        {
         "id":136,
         "type":"above"
        }, 
        {
         "id":137,
         "type":"above"
        }, 
        {
         "id":138,
         "type":"above"
        }, 
        {
         "id":139,
         "type":"above"
        }, 
        {
         "id":140,
         "type":"above"
        }, 
        {
         "id":141,
         "type":"above"
        }, 
        {
         "id":142,
         "type":"above"
        }, 
        {
         "id":143,
         "type":"above"
        }, 
        {
         "id":144,
         "type":"above"
        }, 
        {
         "id":145,
         "type":"above"
        }, 
        {
         "id":153,
         "type":"above"
        }, 
        {
         "id":154,
         "type":"above"
        }, 
        {
         "id":155,
         "type":"above"
        }, 
        {
         "id":156,
         "objectgroup":
            {
             "draworder":"index",
             "name":"",
             "objects":[
                    {
                     "height":32,
                     "id":1,
                     "name":"",
                     "rotation":0,
                     "type":"",
                     "visible":true,
                     "width":32,
                     "x":0,
                     "y":0
                    }],
             "opacity":1,
             "type":"objectgroup",
             "visible":true,
             "x":0,
             "y":0
            },
         "type":"above"
        }, 
        {
         "id":157,
         "type":"above"
        }, 
        {
         "id":158,
         "type":"above"
        }, 
        {
         "id":159,
         "type":"above"
        }, 
        {
         "id":160,
         "objectgroup":
            {
             "draworder":"index",
             "name":"",
             "objects":[
                    {
                     "height":32,
                     "id":1,
                     "name":"",
                     "rotation":0,
                     "type":"",
                     "visible":true,
                     "width":32,
                     "x":0,
                     "y":0
                    }],
             "opacity":1,
             "type":"objectgroup",
             "visible":true,
             "x":0,
             "y":0
            },
         "type":"above"
        }, 
        {
         "id":161,
         "type":"above"
        }, 
        {
         "id":162,
         "objectgroup":
            {
             "draworder":"index",
             "name":"",
             "objects":[
                    {
                     "height":32,
                     "id":1,
                     "name":"",
                     "rotation":0,
                     "type":"",
                     "visible":true,
                     "width":32,
                     "x":0,
                     "y":0
                    }],
             "opacity":1,
             "type":"objectgroup",
             "visible":true,
             "x":0,
             "y":0
            },
         "type":"above"
        }, 
        {
         "id":170,
         "objectgroup":
            {
             "draworder":"index",
             "name":"",
             "objects":[
                    {
                     "height":12,
                     "id":1,
                     "name":"",
                     "rotation":0,
                     "type":"",
                     "visible":true,
                     "width":32,
                     "x":0,
                     "y":20
                    }],
             "opacity":1,
             "type":"objectgroup",
             "visible":true,
             "x":0,
             "y":0
            },
         "type":"above"
        }, 
        {
         "id":171,
         "objectgroup":
            {
             "draworder":"index",
             "name":"",
             "objects":[
                    {
                     "height":12,
                     "id":1,
                     "name":"",
                     "rotation":0,
                     "type":"",
                     "visible":true,
                     "width":32,
                     "x":0,
                     "y":20
                    }],
             "opacity":1,
             "type":"objectgroup",
             "visible":true,
             "x":0,
             "y":0
            },
         "type":"above"
        }, 
        {
         "id":172,
         "objectgroup":
            {
             "draworder":"index",
             "name":"",
             "objects":[
                    {
                     "height":12,
                     "id":1,
                     "name":"",
                     "rotation":0,
                     "type":"",
                     "visible":true,
                     "width":32,
                     "x":0,
                     "y":20
                    }],
             "opacity":1,
             "type":"objectgroup",
             "visible":true,
             "x":0,
             "y":0
            },
         "type":"above"
        }, 
        {
         "id":173,
         "objectgroup":
            {
             "draworder":"index",
             "name":"",
             "objects":[
                    {
                     "height":32,
                     "id":1,
                     "name":"",
                     "rotation":0,
                     "type":"",
                     "visible":true,
                     "width":32,
                     "x":0,
                     "y":0
                    }],
             "opacity":1,
             "type":"objectgroup",
             "visible":true,
             "x":0,
             "y":0
            },
         "type":"above"
        }, 
        {
         "id":174,
         "type":"above"
        }, 
        {
         "id":175,
         "type":"above"
        }, 
        {
         "id":176,
         "type":"above"
        }, 
        {
         "id":177,
         "objectgroup":
            {
             "draworder":"index",
             "name":"",
             "objects":[
                    {
                     "height":32,
                     "id":1,
                     "name":"",
                     "rotation":0,
                     "type":"",
                     "visible":true,
                     "width":32,
                     "x":0,
                     "y":0
                    }],
             "opacity":1,
             "type":"objectgroup",
             "visible":true,
             "x":0,
             "y":0
            },
         "type":"above"
        }, 
        {
         "id":178,
         "objectgroup":
            {
             "draworder":"index",
             "name":"",
             "objects":[
                    {
                     "height":12,
                     "id":1,
                     "name":"",
                     "rotation":0,
                     "type":"",
                     "visible":true,
                     "width":32,
                     "x":0,
                     "y":20
                    }],
             "opacity":1,
             "type":"objectgroup",
             "visible":true,
             "x":0,
             "y":0
            },
         "type":"above"
        }, 
        {
         "id":179,
         "objectgroup":
            {
             "draworder":"index",
             "name":"",
             "objects":[
                    {
                     "height":32,
                     "id":1,
                     "name":"",
                     "rotation":0,
                     "type":"",
                     "visible":true,
                     "width":32,
                     "x":0,
                     "y":0
                    }],
             "opacity":1,
             "type":"objectgroup",
             "visible":true,
             "x":0,
             "y":0
            },
         "type":"above"
        }, 
        {
         "id":187,
         "type":"above"
        }, 
        {
         "id":188,
         "type":"above"
        }, 
        {
         "id":189,
         "type":"above"
        }, 
        {
         "id":190,
         "type":"above"
        }, 
        {
         "id":191,
         "type":"above"
        }, 
        {
         "id":192,
         "type":"above"
        }, 
        {
         "id":193,
         "objectgroup":
            {
             "draworder":"index",
             "id":2,
             "name":"",
             "objects":[
                    {
                     "height":2,
                     "id":1,
                     "name":"",
                     "rotation":0,
                     "type":"",
                     "visible":true,
                     "width":32,
                     "x":0,
                     "y":30
                    }],
             "opacity":1,
             "type":"objectgroup",
             "visible":true,
             "x":0,
             "y":0
            },
         "type":"above"
        }, 
        {
         "id":194,
         "type":"above"
        }, 
        {
         "id":195,
         "type":"above"
        }, 
        {
         "id":196,
         "type":"above"
        }, 
        {
         "id":204,
         "type":"above"
        }, 
        {
         "id":205,
         "type":"above"
        }, 
        {
         "id":206,
         "type":"above"
        }, 
        {
         "id":207,
         "type":"above"
        }, 
        {
         "id":208,
         "type":"above"
        }, 
        {
         "id":209,
         "type":"above"
        }, 
        {
         "id":210,
         "type":"above"
        }, 
        {
         "id":211,
         "type":"above"
        }, 
        {
         "id":212,
         "type":"above"
        }, 
        {
         "id":213,
         "type":"above"
        }, 
        {
         "id":221,
         "type":"above"
        }, 
        {
         "id":222,
         "type":"above"
        }, 
        {
         "id":223,
         "type":"above"
        }, 
        {
         "id":224,
         "type":"above"
        }, 
        {
         "id":225,
         "type":"above"
        }, 
        {
         "id":226,
         "type":"above"
        }, 
        {
         "id":227,
         "type":"above"
        }, 
        {
         "id":228,
         "type":"above"
        }, 
        {
         "id":229,
         "type":"above"
        }, 
        {
         "id":230,
         "type":"above"
        }, 
        {
         "id":238,
         "type":"above"
        }, 
        {
         "id":239,
         "type":"above"
        }, 
        {
         "id":240,
         "type":"above"
        }, 
        {
         "id":241,
         "type":"above"
        }, 
        {
         "id":242,
         "type":"above"
        }, 
        {
         "id":243,
         "type":"above"
        }, 
        {
         "id":244,
         "type":"above"
        }, 
        {
         "id":245,
         "type":"above"
        }, 
        {
         "id":246,
         "type":"above"
        }, 
        {
         "id":247,
         "type":"above"
        }, 
        {
         "id":255,
         "type":"above"
        }, 
        {
         "id":256,
         "type":"above"
        }, 
        {
         "id":257,
         "type":"above"
        }, 
        {
         "id":258,
         "type":"above"
        }, 
        {
         "id":259,
         "type":"above"
        }, 
        {
         "id":260,
         "type":"above"
        }, 
        {
         "id":261,
         "type":"above"
        }, 
        {
         "id":262,
         "type":"above"
        }, 
        {
         "id":263,
         "type":"above"
        }, 
        {
         "id":264,
         "type":"above"
        }, 
        {
         "id":272,
         "type":"above"
        }, 
        {
         "id":273,
         "type":"above"
        }, 
        {
         "id":274,
         "type":"above"
        }, 
        {
         "id":275,
         "type":"above"
        }, 
        {
         "id":276,
         "type":"above"
        }, 
        {
         "id":277,
         "type":"above"
        }, 
        {
         "id":278,
         "type":"above"
        }, 
        {
         "id":279,
         "type":"above"
        }, 
        {
         "id":280,
         "type":"above"
        }, 
        {
         "id":281,
         "type":"above"
        }, 
        {
         "id":289,
         "type":"above"
        }, 
        {
         "id":290,
         "type":"above"
        }, 
        {
         "id":291,
         "type":"above"
        }, 
        {
         "id":292,
         "type":"above"
        }, 
        {
         "id":293,
         "type":"above"
        }, 
        {
         "id":294,
         "type":"above"
        }, 
        {
         "id":295,
         "type":"above"
        }, 
        {
         "id":296,
         "type":"above"
        }, 
        {
         "id":297,
         "type":"above"
        }, 
        {
         "id":298,
         "type":"above"
        }, 
        {
         "id":306,
         "type":"above"
        }, 
        {
         "id":307,
         "type":"above"
        }, 
        {
         "id":308,
         "type":"above"
        }, 
        {
         "id":309,
         "type":"above"
        }, 
        {
         "id":310,
         "type":"above"
        }, 
        {
         "id":311,
         "type":"above"
        }, 
        {
         "id":312,
         "type":"above"
        }, 
        {
         "id":313,
         "type":"above"
        }, 
        {
         "id":314,
         "type":"above"
        }, 
        {
         "id":315,
         "type":"above"
        }, 
        {
         "id":323,
         "type":"above"
        }, 
        {
         "id":324,
         "type":"above"
        }, 
        {
         "id":325,
         "type":"above"
        }, 
        {
         "id":326,
         "type":"above"
        }, 
        {
         "id":327,
         "type":"above"
        }, 
        {
         "id":328,
         "type":"above"
        }, 
        {
         "id":329,
         "type":"above"
        }, 
        {
         "id":330,
         "type":"above"
        }, 
        {
         "id":331,
         "type":"above"
        }, 
        {
         "id":332,
         "type":"above"
        }, 
        {
         "id":340,
         "type":"above"
        }, 
        {
         "id":341,
         "type":"above"
        }, 
        {
         "id":342,
         "type":"above"
        }, 
        {
         "id":343,
         "type":"above"
        }, 
        {
         "id":344,
         "type":"above"
        }, 
        {
         "id":345,
         "type":"above"
        }, 
        {
         "id":346,
         "type":"above"
        }, 
        {
         "id":347,
         "type":"above"
        }, 
        {
         "id":348,
         "type":"above"
        }, 
        {
         "id":349,
         "type":"above"
        }],
 "tilewidth":32,
 "type":"tileset",
 "version":"1.6"
}